ROCK NAME,SIO2,AL2O3,MGO,CAO,MNO
DUNITE,39.72,0.16,47.05,0.37,0.18
DUNITE,41.87,5.16,34.65,5.42,0.18
DUNITE,41.2,0.3,49.7,0.26,0.11
DUNITE,42.1,0.09,50.4,0.02,0.1
DUNITE,41.6,0.88,50.0,0.09,0.09
DUNITE,37.9,2.6,37.78,0.05,0.15
DUNITE,45.2,3.77,34.4,3.72,0.18
DUNITE,41.4,1.31,46.7,0.14,0.18
DUNITE,41.5,1.25,46.3,0.48,0.18
DUNITE,41.8,1.39,47.2,0.1,0.16
DUNITE,42.0,0.77,47.8,1.56,0.13
DUNITE,42.0,1.08,47.6,0.04,0.08
DUNITE,42.6,1.06,45.7,0.05,0.08
DUNITE,41.1,1.23,48.0,0.02,0.1
DUNITE,40.5,0.94,48.5,0.12,0.12
DUNITE,40.1,0.29,50.4,0.09,0.12
DUNITE,41.77,5.1,37.2,5.21,0.14
DUNITE,45.77,15.93,17.7,13.26,0.08
DUNITE,42.55,10.71,29.3,8.14,0.12
DUNITE,46.05,19.29,16.6,13.97,0.07
DUNITE,40.76,2.37,42.68,1.18,0.13
DUNITE,38.5,2.36,39.13,1.29,0.14
DUNITE,40.06,2.7,38.15,0.25,0.1
DUNITE,36.59,1.75,39.89,0.89,0.2
DUNITE,34.04,0.91,40.5,0.28,0.1
DUNITE,39.69,0.15,44.39,0.06,0.19
DUNITE,39.18,0.88,39.22,0.55,0.16
DUNITE,39.53,0.9,38.87,1.86,0.2
DUNITE,37.56,0.89,39.09,0.67,0.19
DUNITE,40.12,0.91,38.39,1.09,0.2
DUNITE,37.43,0.92,38.37,0.85,0.2
DUNITE,39.94,0.95,37.68,1.58,0.2
DUNITE,46.3,0.16,46.09,0.03,0.11
DUNITE,39.56,0.1,44.82,0.07,0.1
DUNITE,36.65,0.38,38.46,0.14,0.17
DUNITE,41.7,5.37,34.2,5.94,0.18
DUNITE,42.85,6.81,31.5,6.28,0.17
DUNITE,36.3,0.7,45.7,1.2,0.09
DUNITE,34.32,2.03,41.8,0.38,0.19
DUNITE,38.98,1.8,42.89,1.17,0.07
DUNITE,40.4,0.52,47.82,0.36,0.14
DUNITE,39.69,0.16,45.33,0.58,0.22
DUNITE,38.2,4.0,29.77,2.31,0.17
DUNITE,38.85,5.65,26.66,5.45,0.18
DUNITE,38.29,4.13,27.46,3.67,0.2
DUNITE,38.0,4.69,26.62,3.95,0.18
DUNITE,39.69,5.73,26.48,5.82,0.17
DUNITE,36.81,0.52,38.65,0.34,0.11
DUNITE,38.66,3.09,35.69,0.8,0.13
DUNITE,38.29,2.38,36.31,0.67,0.14
DUNITE,37.01,1.94,39.41,1.13,0.12
DUNITE,36.79,2.57,39.1,1.86,0.13
DUNITE,34.57,0.89,39.64,0.15,0.12
DUNITE,35.86,0.54,38.42,0.02,0.08
DUNITE,39.33,0.05,36.55,0.01,0.09
DUNITE,39.62,0.0,33.84,0.02,0.11
DUNITE,37.65,2.19,29.18,6.36,0.18
DUNITE,33.11,6.85,24.37,5.72,0.31
DUNITE,41.88,5.03,35.41,4.67,0.18
DUNITE,34.08,0.27,39.82,0.01,0.135
DUNITE,37.62,1.31,38.97,0.02,0.122
DUNITE,38.96,1.89,37.35,0.21,0.11
DUNITE,36.0,0.87,37.08,0.47,0.196
DUNITE,39.84,2.35,36.7,0.7,0.145
DUNITE,38.99,2.19,35.78,0.41,0.155
DUNITE,36.64,1.05,37.29,0.02,0.256
DUNITE,39.37,1.92,34.14,2.59,0.148
DUNITE,36.75,1.24,37.0,0.04,0.113
DUNITE,35.8,0.71,38.95,0.02,0.132
DUNITE,29.99,0.1,36.96,0.03,0.104
DUNITE,37.58,1.62,35.57,0.67,0.16
DUNITE,37.11,0.76,39.66,0.03,0.101
DUNITE,36.56,1.26,37.52,0.56,0.186
DUNITE,34.02,0.55,39.26,0.05,0.151
DUNITE,37.84,1.38,37.48,0.02,0.163
DUNITE,39.26,1.59,36.75,1.29,0.181
DUNITE,38.78,2.21,34.91,0.02,0.146
DUNITE,36.81,0.92,39.1,0.02,0.156
DUNITE,34.31,1.42,34.54,0.05,0.111
DUNITE,37.03,1.25,37.52,0.06,0.149
DUNITE,35.79,1.28,38.2,0.04,0.159
DUNITE,33.9,3.11,33.9,1.89,0.22
DUNITE,41.21,0.67,46.46,1.46,0.17
DUNITE,40.78,0.7,45.78,1.31,0.19
DUNITE,39.09,0.61,44.44,1.07,0.17
DUNITE,40.7,1.6,45.79,1.07,0.17
DUNITE,41.07,0.74,41.37,0.1,0.25
DUNITE,39.26,2.8,30.09,7.33,0.17
DUNITE,40.74,0.33,48.3,0.51,0.15
DUNITE,40.84,0.32,48.43,0.48,0.15
DUNITE,41.53,0.44,47.98,0.28,0.16
DUNITE,40.78,0.29,49.14,0.3,0.15
DUNITE,41.05,0.3,49.05,0.33,0.15
DUNITE,40.78,1.05,47.49,0.61,0.132
DUNITE,41.45,0.11,49.59,0.07,0.1
DUNITE,39.58,1.16,47.37,0.64,0.17
DUNITE,38.71,1.2,45.58,2.18,0.18
DUNITE,46.8,17.04,15.9,14.71,0.09
DUNITE,46.35,19.65,12.97,15.85,0.07
DUNITE,45.54,15.69,20.36,12.67,0.09
DUNITE,44.34,17.89,19.65,11.5,0.1
DUNITE,45.46,14.87,23.34,10.8,0.1
DUNITE,44.28,16.95,18.74,12.9,0.08
DUNITE,48.49,17.84,13.12,18.33,0.06
DUNITE,44.75,21.36,12.72,15.36,0.06
DUNITE,44.16,12.4,27.44,9.8,0.11
DUNITE,45.25,18.5,18.01,11.03,0.12
DUNITE,46.59,14.88,17.12,13.25,0.11
DUNITE,43.82,21.02,12.82,15.24,0.08
DUNITE,45.45,21.67,11.2,17.26,0.06
DUNITE,40.52,0.1,49.0,0.2,0.21
DUNITE,39.67,0.28,48.71,0.21,0.11
DUNITE,39.99,1.05,47.8,0.64,0.1
DUNITE,42.47,1.17,45.88,0.64,0.1
DUNITE,43.4,0.86,45.49,0.8,0.12
DUNITE,38.7,1.5,41.53,1.21,0.19
DUNITE,37.37,0.41,44.03,0.38,0.18
DUNITE,41.35,0.21,47.9,0.27,0.13
DUNITE,39.33,0.85,44.9,0.18,0.19
DUNITE,41.55,1.78,39.1,3.26,0.18
DUNITE,39.92,1.11,46.06,0.07,0.16
DUNITE,39.44,1.19,45.22,0.08,0.18
DUNITE,40.31,0.93,45.07,0.64,0.17
DUNITE,36.6,5.13,28.3,2.41,0.25
DUNITE,35.5,0.69,41.6,0.35,0.1
DUNITE,35.5,0.54,41.6,0.25,0.09
DUNITE,35.1,0.5,42.8,0.7,0.1
DUNITE,38.8,0.77,38.8,0.5,0.1
DUNITE,38.4,0.66,43.1,0.88,0.17
DUNITE,37.9,0.2,45.4,0.11,0.13
DUNITE,36.5,0.32,43.2,0.32,0.16
DUNITE,37.4,0.27,43.0,0.08,0.14
DUNITE,38.8,0.1,46.4,0.12,0.14
DUNITE,37.9,0.14,43.9,0.13,0.16
DUNITE,37.8,0.54,44.1,0.11,0.15
DUNITE,37.5,0.34,38.7,1.29,0.2
DUNITE,39.1,0.76,43.9,0.03,0.17
DUNITE,39.7,0.11,47.8,0.51,0.2
DUNITE,39.3,0.11,48.0,0.35,0.17
DUNITE,39.1,0.6,45.7,0.5,0.12
DUNITE,25.2,6.8,29.3,0.1,0.1
DUNITE,33.8,0.2,41.6,0.2,0.09
DUNITE,32.9,2.9,35.8,0.04,0.09
DUNITE,31.0,2.5,39.8,0.16,0.08
DUNITE,31.5,4.2,37.1,0.12,0.13
DUNITE,36.9,0.25,44.7,0.21,0.1
DUNITE,37.8,1.9,47.1,0.27,0.08
DUNITE,34.2,0.77,41.9,0.09,0.08
DUNITE,35.5,0.97,44.0,0.34,0.13
DUNITE,35.7,1.2,43.2,0.28,0.17
DUNITE,9.8,9.9,19.2,0.63,0.11
DUNITE,35.7,1.5,42.6,0.45,0.14
DUNITE,33.4,3.4,38.1,0.63,0.13
DUNITE,14.5,7.2,24.3,0.07,0.09
DUNITE,37.0,0.73,47.2,0.15,0.11
DUNITE,35.2,1.6,42.4,0.04,0.13
DUNITE,37.6,0.81,45.0,0.14,0.16
DUNITE,33.0,1.5,38.0,1.2,0.12
DUNITE,48.8,2.34,21.5,17.7,0.11
DUNITE,38.1,0.38,45.4,0.5,0.15
DUNITE,38.1,0.34,45.1,0.43,0.15
DUNITE,38.3,0.39,46.1,0.42,0.15
DUNITE,44.7,1.22,34.8,9.41,0.13
DUNITE,39.5,0.91,41.4,2.9,0.16
DUNITE,48.1,2.85,23.6,16.7,0.13
DUNITE,33.8,0.38,40.6,0.03,0.12
DUNITE,39.7,0.75,45.8,0.74,0.18
DUNITE,34.9,0.44,40.9,0.3,0.18
DUNITE,29.7,2.91,35.9,0.16,0.15
DUNITE,34.3,0.94,40.2,0.99,0.14
DUNITE,31.9,1.08,39.3,0.12,0.13
DUNITE,40.2,0.73,40.2,4.42,0.14
DUNITE,36.1,0.63,40.4,1.69,0.15
DUNITE,42.6,20.4,8.48,16.6,0.1
DUNITE,50.2,2.64,20.4,20.1,0.09
DUNITE,48.1,3.65,20.3,18.2,0.13
DUNITE,37.8,0.59,43.7,0.42,0.21
DUNITE,51.1,3.51,16.9,23.0,0.1
DUNITE,48.0,13.8,7.97,8.88,0.17
DUNITE,33.8,13.4,5.97,25.0,0.4
DUNITE,48.5,15.7,3.38,8.7,0.31
DUNITE,40.0,11.6,6.66,23.0,0.22
DUNITE,5.33,1.22,0.73,51.4,0.15
DUNITE,51.4,16.1,2.36,9.04,0.09
DUNITE,37.6,0.59,41.5,1.23,0.18
DUNITE,35.2,0.49,40.7,0.13,0.1
DUNITE,35.3,0.48,40.6,0.12,0.13
DUNITE,35.6,1.21,41.9,0.13,0.12
DUNITE,37.6,0.25,41.5,0.14,0.11
DUNITE,35.6,0.97,41.4,0.09,0.13
DUNITE,36.3,0.72,44.4,0.21,0.13
DUNITE,31.9,2.74,39.3,0.12,0.15
DUNITE,34.1,2.94,40.9,0.32,0.16
DUNITE,35.1,1.18,40.6,0.24,0.14
DUNITE,40.5,1.3,44.4,1.4,0.16
DUNITE,38.8,0.81,43.8,0.7,0.16
DUNITE,37.1,0.5,42.6,0.67,0.11
DUNITE,36.6,0.76,42.9,0.26,0.11
DUNITE,48.9,4.1,17.3,19.2,0.11
DUNITE,37.4,0.42,43.7,0.22,0.11
DUNITE,38.1,0.34,40.8,0.45,0.16
DUNITE,37.1,0.46,43.4,0.29,0.11
DUNITE,37.8,0.76,37.6,1.6,0.22
DUNITE,37.8,0.34,44.4,0.35,0.11
DUNITE,37.7,0.42,42.7,0.26,0.19
DUNITE,37.8,0.42,43.9,0.26,0.11
DUNITE,38.1,0.42,44.0,0.29,0.11
DUNITE,39.4,1.7,34.0,3.6,0.22
DUNITE,37.8,0.86,42.1,0.83,0.11
DUNITE,43.7,15.6,9.1,11.8,0.16
DUNITE,51.4,1.7,20.2,20.2,0.08
DUNITE,37.4,2.6,36.8,0.12,0.11
DUNITE,35.1,0.5,39.6,0.93,0.11
DUNITE,37.1,0.64,42.9,0.19,0.23
DUNITE,37.7,0.74,43.0,0.09,0.31
DUNITE,37.1,0.64,42.8,0.12,0.26
DUNITE,36.6,0.46,43.4,0.09,0.23
DUNITE,37.1,0.54,42.9,0.32,0.26
DUNITE,36.6,0.64,42.4,0.12,0.23
DUNITE,39.0,0.64,36.8,2.6,0.26
DUNITE,37.7,0.46,41.6,0.06,0.18
DUNITE,37.7,0.5,41.2,0.51,0.23
DUNITE,36.1,0.74,40.5,0.32,0.26
DUNITE,37.4,0.54,42.8,0.38,0.26
DUNITE,36.6,0.54,42.3,0.06,0.23
DUNITE,36.7,0.5,43.2,0.34,0.21
DUNITE,35.9,0.59,38.3,0.31,0.21
DUNITE,38.1,0.59,43.1,0.43,0.21
DUNITE,37.0,0.5,41.3,0.71,0.21
DUNITE,37.4,0.59,43.5,0.34,0.18
DUNITE,40.0,4.8,32.5,1.3,0.18
DUNITE,39.9,0.2,47.3,0.17,0.13
DUNITE,39.9,0.2,48.5,0.18,0.12
DUNITE,38.7,0.11,46.3,0.25,0.11
DUNITE,39.3,0.25,44.8,1.5,0.15
DUNITE,39.6,0.07,47.4,0.3,0.14
DUNITE,37.9,0.29,44.4,0.21,0.09
DUNITE,39.3,0.5,45.1,0.45,0.09
DUNITE,39.4,0.2,44.7,0.21,0.06
DUNITE,41.4,0.58,43.5,1.0,0.07
DUNITE,32.2,3.5,40.1,0.34,0.15
DUNITE,33.1,1.9,41.4,0.13,0.12
DUNITE,38.6,1.9,45.1,0.26,0.04
DUNITE,43.4,0.82,43.4,0.73,0.07
DUNITE,52.3,2.0,20.9,15.8,0.13
DUNITE,40.1,6.6,43.2,1.2,0.17
DUNITE,44.1,1.2,46.4,0.69,0.15
DUNITE,34.1,0.58,38.4,1.4,0.14
DUNITE,41.6,0.95,34.8,0.61,0.14
DUNITE,43.1,1.4,42.9,1.2,0.1
DUNITE,39.2,0.6,41.1,0.7,0.11
DUNITE,39.6,0.93,41.9,1.5,0.22
DUNITE,35.2,1.2,40.8,0.6,0.18
DUNITE,35.7,0.93,42.5,0.8,0.18
DUNITE,36.1,1.1,42.6,0.7,0.18
DUNITE,35.8,0.97,43.3,0.15,0.14
DUNITE,35.0,0.87,41.7,0.15,0.14
DUNITE,35.1,1.2,41.5,0.2,0.19
DUNITE,37.7,1.1,43.5,0.15,0.16
DUNITE,37.6,1.2,46.2,0.88,0.17
DUNITE,35.8,0.89,42.6,1.0,0.16
DUNITE,35.7,0.8,42.7,0.2,0.16
DUNITE,35.2,0.86,42.7,0.15,0.15
DUNITE,37.4,1.2,45.5,1.9,0.17
DUNITE,35.2,1.1,42.4,0.63,0.18
DUNITE,37.1,1.4,45.0,0.32,0.13
DUNITE,36.6,0.06,44.8,0.24,0.11
DUNITE,36.7,3.2,43.5,0.24,0.16
DUNITE,36.9,0.01,45.6,0.27,0.11
DUNITE,33.1,0.65,38.2,0.3,0.16
DUNITE,39.9,2.3,44.2,0.75,0.14
DUNITE,43.2,1.1,46.4,0.52,0.12
DUNITE,40.8,1.0,46.9,0.58,0.15
DUNITE,40.3,0.7,46.0,0.31,0.16
DUNITE,39.5,1.2,40.1,0.06,0.18
DUNITE,40.2,0.37,46.0,0.14,0.147
DUNITE,48.5,14.5,4.7,23.0,0.13
DUNITE,40.6,0.69,49.2,0.19,0.06
DUNITE,41.6,1.9,42.2,2.8,0.08
DUNITE,39.2,0.2,45.1,0.16,0.151
DUNITE,41.1,0.32,49.1,0.2,0.11
DUNITE,35.2,1.83,44.2,0.19,0.354
DUNITE,43.1,0.64,45.4,0.28,0.14
DUNITE,35.2,0.2,41.7,0.2,0.133
DUNITE,37.4,0.46,40.1,0.81,0.138
DUNITE,38.5,0.23,43.4,0.01,0.117
DUNITE,38.11,0.96,45.02,0.26,0.122
DUNITE,40.4,1.96,33.2,6.0,0.2
DUNITE,42.7,2.2,29.0,5.24,0.19
DUNITE,42.5,0.8,36.0,0.19,0.17
DUNITE,35.6,1.07,28.1,3.88,0.31
DUNITE,36.3,0.26,34.7,0.2,0.26
DUNITE,41.7,0.49,33.1,6.42,0.2
DUNITE,45.7,19.1,9.9,15.7,0.13
DUNITE,38.4,0.28,46.8,0.12,0.14
DUNITE,37.6,0.2,41.8,0.22,0.16
DUNITE,38.9,0.41,46.9,0.12,0.14
DUNITE,35.6,0.31,43.2,0.23,0.17
DUNITE,38.5,0.35,43.2,1.75,0.19
DUNITE,35.9,0.25,44.3,0.2,0.14
DUNITE,36.4,0.17,41.5,1.03,0.18
DUNITE,38.3,0.39,44.6,0.24,0.26
DUNITE,43.6,0.53,44.6,0.89,0.14
DUNITE,40.1,0.46,43.3,0.87,0.21
DUNITE,40.3,0.21,46.9,0.25,0.17
DUNITE,40.0,0.34,47.1,0.32,0.16
DUNITE,39.8,0.15,44.2,0.3,0.22
DUNITE,39.2,0.81,35.6,3.9,0.19
DUNITE,39.3,0.2,46.7,0.27,0.14
DUNITE,38.5,0.22,46.7,0.15,0.14
DUNITE,37.2,0.4,42.1,0.09,0.18
DUNITE,36.4,1.5,40.3,0.1,0.19
DUNITE,38.1,2.2,34.4,3.2,0.24
DUNITE,35.7,0.56,41.3,0.6,0.22
DUNITE,39.1,0.56,43.2,1.3,0.27
DUNITE,37.2,1.0,45.0,0.5,0.22
DUNITE,35.0,0.63,39.4,0.76,0.2
DUNITE,35.0,1.2,37.6,0.52,0.32
DUNITE,37.2,0.19,40.5,1.2,0.23
DUNITE,26.6,3.0,32.4,0.12,0.24
DUNITE,38.0,0.16,39.1,2.3,0.26
DUNITE,37.4,0.32,41.7,0.58,0.26
DUNITE,36.3,0.27,42.6,0.33,0.22
DUNITE,36.7,0.18,42.5,0.35,0.24
DUNITE,36.3,0.3,43.6,0.13,0.08
DUNITE,36.3,0.3,43.8,0.06,0.11
DUNITE,39.2,0.5,45.6,0.19,0.11
DUNITE,41.3,2.5,43.4,1.7,0.11
DUNITE,45.7,1.2,43.0,1.2,0.09
DUNITE,38.7,0.49,45.0,0.35,0.1
DUNITE,37.3,1.9,34.4,0.58,0.14
DUNITE,42.6,1.1,45.3,0.87,0.09
DUNITE,42.0,0.61,43.1,0.16,0.1
DUNITE,42.7,0.6,43.4,0.15,0.12
DUNITE,40.3,1.0,46.0,0.27,0.16
DUNITE,37.9,0.88,39.5,0.04,0.29
DUNITE,37.9,0.34,46.31,0.56,0.14
DUNITE,25.5,6.24,28.84,0.2,0.12
DUNITE,34.24,0.13,41.85,0.28,0.1
DUNITE,32.4,2.29,35.39,0.1,0.1
DUNITE,30.36,2.25,38.08,0.2,0.13
DUNITE,34.67,3.8,36.74,0.19,0.14
DUNITE,37.52,0.18,45.64,0.24,0.13
DUNITE,37.16,1.14,47.4,0.3,0.12
DUNITE,33.42,0.5,41.72,0.09,0.13
DUNITE,30.9,2.06,38.23,0.07,0.11
DUNITE,35.84,0.58,44.18,0.32,0.12
DUNITE,36.62,1.16,42.76,0.26,0.17
DUNITE,8.16,9.64,18.04,0.8,0.11
DUNITE,32.98,3.18,36.94,0.75,0.14
DUNITE,8.74,8.36,21.62,0.22,0.14
DUNITE,37.62,0.34,46.56,0.22,0.12
DUNITE,34.92,1.02,41.38,0.14,0.15
DUNITE,37.54,0.38,45.37,0.2,0.17
DUNITE,33.55,1.0,38.57,1.27,0.16
DUNITE,38.01,0.83,37.96,0.0,0.06
DUNITE,38.01,0.83,37.96,0.0,0.06
DUNITE,38.01,0.83,37.96,0.0,0.06
DUNITE,36.92,3.65,34.25,0.64,0.1
DUNITE,37.0,0.92,39.42,1.8,0.08
DUNITE,38.2,1.03,38.0,0.8,0.1
DUNITE,38.26,1.1,38.64,0.5,0.21
DUNITE,38.04,1.21,38.07,0.98,0.14
DUNITE,36.74,0.39,40.31,0.14,0.1
DUNITE,39.47,0.28,41.21,0.15,0.11
DUNITE,38.14,0.63,41.19,0.6,0.12
DUNITE,38.3,0.38,41.71,0.44,0.1
DUNITE,35.25,0.07,41.35,0.1,0.09
DUNITE,35.54,0.07,42.14,0.21,0.08
DUNITE,40.8,0.6,43.43,0.54,0.1
DUNITE,39.21,0.19,44.36,0.25,0.12
DUNITE,39.47,0.4,40.95,0.15,0.1
DUNITE,34.5,0.46,38.94,0.37,0.11
DUNITE,34.44,0.12,43.4,0.2,0.09
DUNITE,38.43,0.65,39.78,0.5,0.11
DUNITE,33.62,0.07,42.04,0.03,0.1
DUNITE,43.7,0.63,44.64,2.06,0.129
DUNITE,34.44,3.67,39.81,1.53,0.14
DUNITE,36.98,0.53,43.24,0.64,0.12
DUNITE,32.71,0.31,41.42,0.06,0.14
DUNITE,33.33,0.25,42.98,0.11,0.11
DUNITE,32.7,0.23,42.54,0.07,0.12
DUNITE,33.01,0.2,40.31,0.14,0.13
HARZBURGITE,42.92,0.81,45.65,0.8,0.12
HARZBURGITE,43.65,0.5,46.21,0.41,0.131
HARZBURGITE,44.09,0.46,45.72,0.61,0.132
HARZBURGITE,43.54,0.56,46.54,0.44,0.13
HARZBURGITE,43.95,0.76,45.9,0.82,0.128
HARZBURGITE,43.95,1.07,44.51,0.8,0.132
HARZBURGITE,43.74,0.75,46.14,0.96,0.13
HARZBURGITE,39.53,3.11,33.23,0.17,0.07
HARZBURGITE,36.59,2.91,35.81,0.15,0.07
HARZBURGITE,36.57,3.78,29.23,3.51,0.17
HARZBURGITE,42.59,2.77,32.12,2.65,0.13
HARZBURGITE,42.96,0.73,46.19,0.54,0.13
HARZBURGITE,43.36,0.65,47.08,0.57,0.13
HARZBURGITE,40.0,2.84,37.52,0.26,0.09
HARZBURGITE,38.59,0.75,40.2,0.55,0.1
HARZBURGITE,40.78,0.88,42.04,0.99,0.13
HARZBURGITE,40.82,0.89,41.16,1.64,0.12
HARZBURGITE,43.16,0.84,33.67,0.08,0.12
HARZBURGITE,37.22,0.62,40.12,1.53,0.17
HARZBURGITE,41.49,0.26,43.38,1.18,0.15
HARZBURGITE,38.87,0.92,40.03,1.49,0.12
HARZBURGITE,41.07,1.03,41.43,1.58,0.18
HARZBURGITE,43.21,0.64,43.08,0.54,0.17
HARZBURGITE,40.46,1.48,38.94,0.08,0.1
HARZBURGITE,40.89,1.65,38.42,0.0,0.06
HARZBURGITE,40.07,1.73,37.72,0.0,0.06
HARZBURGITE,46.6,3.74,24.68,5.97,0.25
HARZBURGITE,42.64,2.78,36.84,2.87,0.13
HARZBURGITE,38.5,0.9,36.4,0.1,0.08
HARZBURGITE,38.0,0.9,37.85,0.11,0.11
HARZBURGITE,41.95,1.9,34.25,0.28,0.1
HARZBURGITE,55.23,0.54,35.67,0.75,0.12
HARZBURGITE,44.69,0.64,45.23,0.24,0.13
HARZBURGITE,44.31,0.37,45.81,0.37,0.12
HARZBURGITE,43.89,0.6,45.71,0.56,0.12
HARZBURGITE,38.55,0.42,38.01,0.35,0.11
HARZBURGITE,39.23,0.95,36.81,0.32,0.12
HARZBURGITE,41.89,0.85,37.63,0.48,0.13
HARZBURGITE,36.66,0.7,38.26,0.32,0.11
HARZBURGITE,38.02,0.86,35.47,0.05,0.11
HARZBURGITE,38.23,0.7,40.62,0.28,0.11
HARZBURGITE,37.45,0.57,38.24,0.0,0.11
HARZBURGITE,38.19,0.34,39.09,0.17,0.11
HARZBURGITE,39.11,0.33,40.34,0.57,0.11
HARZBURGITE,39.67,0.52,37.63,0.03,0.08
HARZBURGITE,44.63,0.43,40.82,0.04,0.11
HARZBURGITE,41.16,0.44,35.95,0.07,0.09
HARZBURGITE,39.93,0.27,35.4,0.02,0.1
HARZBURGITE,39.39,0.19,35.23,0.17,0.11
HARZBURGITE,39.24,0.17,33.71,0.04,0.11
HARZBURGITE,39.71,0.12,36.13,0.06,0.11
HARZBURGITE,40.92,0.53,38.13,0.12,0.12
HARZBURGITE,42.77,1.67,36.94,0.03,0.15
HARZBURGITE,37.81,1.59,37.29,0.12,0.14
HARZBURGITE,37.04,0.6,36.68,0.72,0.16
HARZBURGITE,37.45,0.62,34.58,1.87,0.14
HARZBURGITE,36.17,0.51,37.71,0.66,0.13
HARZBURGITE,36.76,0.58,36.5,0.79,0.15
HARZBURGITE,36.65,0.72,36.57,0.96,0.15
HARZBURGITE,43.87,0.53,46.65,0.52,0.132
HARZBURGITE,43.99,0.45,46.36,0.48,0.127
HARZBURGITE,43.98,0.78,45.46,0.7,0.127
HARZBURGITE,43.91,0.56,45.88,0.61,0.131
HARZBURGITE,41.13,0.4,48.23,0.82,0.14
HARZBURGITE,43.57,0.87,46.34,0.72,0.13
HARZBURGITE,43.93,1.03,44.86,1.22,0.13
HARZBURGITE,44.12,0.38,48.38,0.3,0.13
HARZBURGITE,42.5,0.38,48.38,0.59,0.13
HARZBURGITE,44.18,0.52,47.71,0.52,0.12
HARZBURGITE,43.99,0.82,46.2,0.59,0.12
HARZBURGITE,44.23,0.86,46.52,1.13,0.12
HARZBURGITE,40.79,0.59,48.09,1.05,0.14
HARZBURGITE,40.46,0.47,47.59,0.85,0.14
HARZBURGITE,36.78,0.88,50.43,0.38,0.14
HARZBURGITE,37.2,0.34,48.41,0.6,0.16
HARZBURGITE,39.78,0.61,46.64,0.85,0.15
HARZBURGITE,39.41,0.45,47.78,0.53,0.15
HARZBURGITE,39.97,0.41,47.21,0.63,0.15
HARZBURGITE,39.78,0.31,47.89,0.56,0.15
HARZBURGITE,38.84,0.21,49.44,0.35,0.13
HARZBURGITE,40.62,0.41,48.15,0.38,0.13
HARZBURGITE,42.61,0.64,45.94,0.33,0.12
HARZBURGITE,43.53,0.74,46.01,0.69,0.12
HARZBURGITE,43.81,0.55,46.53,0.6,0.12
HARZBURGITE,44.45,0.54,46.41,0.7,0.12
HARZBURGITE,43.92,0.56,47.17,0.53,0.12
HARZBURGITE,44.3,1.3,43.0,1.9,0.13
HARZBURGITE,42.0,1.06,39.4,1.95,0.13
HARZBURGITE,39.8,2.18,38.9,2.0,0.12
HARZBURGITE,41.7,2.28,39.0,2.86,0.14
HARZBURGITE,42.7,1.91,40.7,2.07,0.13
HARZBURGITE,41.8,2.22,39.7,2.21,0.13
HARZBURGITE,41.7,2.0,38.9,2.09,0.12
HARZBURGITE,41.9,1.84,40.3,1.76,0.14
HARZBURGITE,41.7,1.58,40.8,1.72,0.13
HARZBURGITE,40.7,0.86,41.7,1.37,0.12
HARZBURGITE,39.7,0.78,41.3,0.46,0.12
HARZBURGITE,41.9,1.0,41.0,1.21,0.12
HARZBURGITE,39.6,0.85,38.3,1.65,0.13
HARZBURGITE,40.9,0.93,40.6,1.49,0.13
HARZBURGITE,40.0,0.68,40.2,0.81,0.12
HARZBURGITE,40.5,0.72,41.4,0.95,0.12
HARZBURGITE,40.1,1.52,37.5,1.71,0.12
HARZBURGITE,40.6,1.65,38.6,1.88,0.12
HARZBURGITE,38.3,0.6,37.8,0.62,0.13
HARZBURGITE,40.5,0.71,39.3,0.78,0.13
HARZBURGITE,43.4,0.25,45.3,0.91,0.14
HARZBURGITE,43.6,0.52,44.0,0.95,0.13
HARZBURGITE,43.4,0.82,42.8,0.94,0.14
HARZBURGITE,41.6,0.29,44.9,0.56,0.11
HARZBURGITE,41.7,1.0,45.4,0.8,0.12
HARZBURGITE,45.2,0.7,41.5,0.8,0.09
HARZBURGITE,46.1,2.7,39.2,1.2,0.11
HARZBURGITE,43.8,0.78,45.1,0.38,0.116
HARZBURGITE,43.9,0.44,45.9,0.14,0.11
HARZBURGITE,42.7,0.72,43.2,1.04,0.12
HARZBURGITE,40.1,0.69,36.3,1.23,0.16
HARZBURGITE,41.41,0.58,39.09,0.79,0.11
HARZBURGITE,42.43,0.53,37.88,0.2,0.12
HARZBURGITE,39.91,1.22,37.2,0.42,0.12
HARZBURGITE,39.91,1.22,37.2,0.42,0.12
HARZBURGITE,39.91,1.22,37.2,0.42,0.12
HARZBURGITE,39.63,0.76,38.07,2.92,0.12
HARZBURGITE,38.47,1.22,38.43,0.42,0.08
HARZBURGITE,38.21,2.15,38.11,0.82,0.14
HARZBURGITE,39.86,1.36,38.13,0.77,0.14
HARZBURGITE,39.22,2.36,37.88,0.63,0.21
HARZBURGITE,39.2,2.53,37.81,0.58,0.18
HARZBURGITE,39.1,1.86,37.15,0.35,0.1
HARZBURGITE,37.84,1.43,36.96,1.5,0.13
HARZBURGITE,39.26,1.44,37.4,1.12,0.13
HARZBURGITE,39.74,1.86,37.35,0.58,0.12
HARZBURGITE,38.52,1.02,36.7,0.6,0.16
HARZBURGITE,41.9,1.18,37.85,1.4,0.18
HARZBURGITE,41.7,1.7,38.12,1.46,0.15
HARZBURGITE,39.82,2.62,36.1,2.6,0.17
HARZBURGITE,39.94,2.48,36.38,2.04,0.27
HARZBURGITE,39.77,3.14,35.54,0.41,0.11
HARZBURGITE,55.1,0.56,34.49,0.07,0.05
HARZBURGITE,55.3,0.65,33.6,0.12,0.05
HARZBURGITE,37.9,2.22,36.7,0.35,0.01
HARZBURGITE,38.13,2.06,36.5,0.18,0.17
HARZBURGITE,37.14,2.84,37.5,0.18,0.21
HARZBURGITE,37.7,3.92,37.0,0.18,0.1
HARZBURGITE,39.26,1.67,36.3,0.58,0.13
HARZBURGITE,38.9,2.83,35.04,1.2,0.12
HARZBURGITE,39.56,1.9,35.32,1.2,0.73
HARZBURGITE,38.17,0.74,36.59,0.07,0.1
HARZBURGITE,40.93,1.09,36.85,0.74,0.1
HARZBURGITE,34.14,0.85,39.32,0.02,0.14
HARZBURGITE,37.46,0.76,39.15,0.03,0.13
HARZBURGITE,34.61,0.68,39.21,0.08,0.16
HARZBURGITE,41.52,0.71,39.61,0.06,0.08
HARZBURGITE,39.29,1.01,37.04,0.07,0.06
HARZBURGITE,37.1,0.47,39.38,0.79,0.11
HARZBURGITE,49.99,4.54,22.65,8.45,0.18
HARZBURGITE,33.64,0.2,40.13,0.07,0.14
HARZBURGITE,34.46,0.21,40.18,0.22,0.09
HARZBURGITE,35.12,0.21,39.87,0.08,0.1
HARZBURGITE,37.57,0.77,39.61,0.55,0.11
HARZBURGITE,38.35,0.49,40.0,0.53,0.11
HARZBURGITE,29.39,0.57,41.22,0.14,0.17
HARZBURGITE,35.45,0.28,41.32,0.36,0.1
HARZBURGITE,36.49,0.41,39.14,0.5,0.1
HARZBURGITE,36.81,0.19,41.5,0.33,0.1
HARZBURGITE,32.18,0.25,40.35,0.32,0.12
HARZBURGITE,38.62,0.66,40.03,0.79,0.11
HARZBURGITE,38.08,0.88,37.34,0.81,0.11
HARZBURGITE,38.7,0.64,39.33,0.62,0.11
HARZBURGITE,40.2,0.37,42.69,0.35,0.1
HARZBURGITE,37.37,0.3,39.47,0.29,0.09
HARZBURGITE,29.13,0.29,41.26,0.16,0.17
HARZBURGITE,38.61,0.17,41.84,0.23,0.11
HARZBURGITE,38.09,0.1,42.96,0.13,0.11
HARZBURGITE,39.61,0.69,40.95,0.8,0.11
HARZBURGITE,37.09,0.63,39.5,0.58,0.1
HARZBURGITE,35.53,0.19,39.32,0.35,0.1
HARZBURGITE,40.7,0.47,42.94,0.6,0.11
HARZBURGITE,40.7,0.47,42.94,0.6,0.11
HARZBURGITE,38.42,0.6,39.04,0.79,0.11
HARZBURGITE,37.76,0.54,39.97,0.69,0.11
HARZBURGITE,38.56,0.63,39.13,0.86,0.11
HARZBURGITE,36.41,0.41,40.18,0.43,0.09
HARZBURGITE,39.21,0.59,38.19,1.66,0.11
HARZBURGITE,35.9,0.35,39.39,0.31,0.11
HARZBURGITE,36.01,0.47,39.35,0.66,0.12
HARZBURGITE,36.84,0.45,39.91,0.63,0.11
HARZBURGITE,37.84,0.64,40.24,0.03,0.1
HARZBURGITE,37.75,0.65,39.99,0.03,0.1
HARZBURGITE,37.45,0.57,40.3,0.03,0.09
HARZBURGITE,37.11,0.55,40.14,0.03,0.1
HARZBURGITE,36.97,0.54,40.48,0.03,0.09
HARZBURGITE,37.17,0.52,38.56,0.02,0.1
HARZBURGITE,36.81,0.6,39.64,0.06,0.1
HARZBURGITE,36.78,0.47,39.93,0.05,0.09
HARZBURGITE,37.48,0.61,40.11,0.2,0.1
HARZBURGITE,34.82,0.34,41.08,0.03,0.1
HARZBURGITE,39.04,0.62,40.88,0.65,0.11
HARZBURGITE,35.65,0.57,37.64,0.52,0.1
HARZBURGITE,37.78,0.66,39.04,0.31,0.09
HARZBURGITE,35.53,0.25,40.89,0.18,0.1
HARZBURGITE,37.58,0.54,39.99,0.51,0.1
HARZBURGITE,37.52,0.53,40.69,0.24,0.09
HARZBURGITE,38.66,0.77,39.93,0.74,0.12
HARZBURGITE,38.78,0.76,40.62,1.03,0.11
HARZBURGITE,37.93,0.7,40.62,0.39,0.1
HARZBURGITE,38.81,0.59,41.88,0.54,0.11
HARZBURGITE,37.82,0.59,40.45,0.5,0.11
HARZBURGITE,39.54,0.88,40.72,0.71,0.11
HARZBURGITE,37.8,0.68,39.99,0.46,0.11
HARZBURGITE,40.2,0.72,40.71,0.86,0.11
HARZBURGITE,40.32,0.79,40.28,0.84,0.11
HARZBURGITE,34.37,0.11,42.24,0.13,0.11
HARZBURGITE,44.61,1.14,44.6,0.01,0.14
HARZBURGITE,43.97,1.51,43.95,0.08,0.13
HARZBURGITE,45.01,1.61,43.05,0.74,0.14
HARZBURGITE,44.96,1.3,43.07,0.23,0.11
HARZBURGITE,43.88,1.33,45.33,0.23,0.13
HARZBURGITE,45.76,1.31,43.63,0.51,0.11
HARZBURGITE,44.1,1.53,40.96,0.85,0.13
HARZBURGITE,44.3,1.48,43.44,0.37,0.13
HARZBURGITE,44.23,1.59,43.72,1.17,0.13
HARZBURGITE,45.4,1.57,42.31,1.23,0.13
HARZBURGITE,44.14,1.25,42.54,1.04,0.13
HARZBURGITE,43.81,1.4,43.55,1.01,0.14
HARZBURGITE,43.49,1.35,43.68,0.7,0.13
HARZBURGITE,44.69,1.43,43.13,1.15,0.13
HARZBURGITE,42.63,1.27,45.98,0.88,0.13
HARZBURGITE,44.33,1.34,45.19,0.35,0.14
HARZBURGITE,44.23,1.3,43.45,0.87,0.18
HARZBURGITE,44.14,1.41,44.01,0.1,0.13
HARZBURGITE,43.74,1.29,44.72,0.01,0.14
HARZBURGITE,44.97,1.83,42.82,0.42,0.13
HARZBURGITE,44.29,1.52,44.37,0.18,0.14
HARZBURGITE,46.16,1.56,43.34,0.33,0.12
HARZBURGITE,44.49,1.44,44.17,0.21,0.11
HARZBURGITE,44.02,1.24,46.21,0.06,0.14
HARZBURGITE,44.86,1.39,44.12,0.33,0.14
HARZBURGITE,44.22,1.22,44.49,0.06,0.12
HARZBURGITE,44.61,1.33,44.41,0.13,0.13
HARZBURGITE,43.87,1.06,45.0,0.14,0.12
HARZBURGITE,44.71,1.42,44.37,0.04,0.13
HARZBURGITE,44.39,6.88,30.19,5.07,0.19
HARZBURGITE,44.81,1.49,43.94,0.18,0.11
HARZBURGITE,44.11,1.34,44.09,0.29,0.14
HARZBURGITE,43.7,1.49,43.54,0.03,0.15
HARZBURGITE,44.48,1.48,43.87,0.29,0.14
HARZBURGITE,44.97,1.83,42.82,1.38,0.13
HARZBURGITE,43.68,1.28,43.83,0.23,0.12
HARZBURGITE,47.22,1.69,41.47,1.06,0.14
HARZBURGITE,43.8,1.35,44.29,0.26,0.15
HARZBURGITE,44.63,1.43,43.39,0.51,0.12
HARZBURGITE,44.31,1.21,43.79,0.42,0.13
HARZBURGITE,44.25,1.38,43.411,1.3,0.13
HARZBURGITE,43.26,1.41,43.52,1.55,0.14
HARZBURGITE,43.28,1.55,43.19,1.05,0.13
HARZBURGITE,42.85,1.49,44.05,0.58,0.16
HARZBURGITE,43.0,1.34,44.23,0.99,0.14
HARZBURGITE,43.79,1.5,43.97,1.15,0.15
HARZBURGITE,44.02,1.3,44.39,0.12,0.13
HARZBURGITE,43.98,1.51,43.9,0.39,0.14
HARZBURGITE,46.64,1.5,38.02,1.05,0.16
HARZBURGITE,44.1,1.44,40.55,0.32,0.16
HARZBURGITE,43.63,1.39,42.74,0.14,0.15
HARZBURGITE,44.38,1.43,40.63,0.79,0.16
HARZBURGITE,44.27,1.34,43.33,0.25,0.14
HARZBURGITE,43.79,1.36,44.14,0.23,0.14
HARZBURGITE,44.29,1.64,43.49,0.26,0.15
HARZBURGITE,43.9,1.48,43.85,0.39,0.14
HARZBURGITE,43.55,1.5,43.95,0.73,0.14
HARZBURGITE,43.32,1.25,42.61,0.17,0.14
HARZBURGITE,44.05,1.52,41.83,1.42,0.12
HARZBURGITE,43.58,1.45,42.93,1.41,0.13
HARZBURGITE,44.39,1.36,42.77,1.25,0.13
HARZBURGITE,44.32,1.75,42.9,1.33,0.13
HARZBURGITE,44.72,1.61,43.22,0.57,0.14
HARZBURGITE,43.64,1.38,43.55,0.32,0.12
HARZBURGITE,45.44,6.96,17.41,14.55,0.25
HARZBURGITE,43.37,1.18,44.19,0.1,0.1
HARZBURGITE,43.94,1.49,43.22,1.39,0.14
HARZBURGITE,45.74,3.4,34.17,4.19,0.26
HARZBURGITE,44.75,1.49,43.56,0.33,0.12
HARZBURGITE,45.55,1.58,40.49,0.77,0.13
HARZBURGITE,44.09,1.43,44.17,0.07,0.12
HARZBURGITE,46.54,1.78,40.54,1.3,0.13
HARZBURGITE,45.09,1.49,42.74,0.39,0.12
HARZBURGITE,43.93,1.45,44.19,0.42,0.14
HARZBURGITE,43.83,1.54,44.48,0.02,0.12
HARZBURGITE,43.51,1.57,43.99,0.1,0.14
HARZBURGITE,44.64,1.45,43.6,0.01,0.15
HARZBURGITE,44.65,1.39,43.85,0.04,0.13
HARZBURGITE,44.94,1.49,42.46,0.15,0.12
HARZBURGITE,44.81,1.29,43.66,0.02,0.13
HARZBURGITE,45.77,1.98,35.79,2.26,0.18
HARZBURGITE,43.71,1.31,43.61,0.08,0.14
HARZBURGITE,44.92,1.67,42.59,0.38,0.13
HARZBURGITE,35.31,0.8,41.27,0.5,0.12
HARZBURGITE,35.05,0.88,41.36,0.22,0.11
HARZBURGITE,35.58,0.49,41.92,0.41,0.11
HARZBURGITE,41.52,0.71,39.61,0.06,0.08
HARZBURGITE,40.02,0.78,40.34,0.47,0.11
HARZBURGITE,40.36,0.74,40.34,0.81,0.11
HARZBURGITE,38.85,0.66,38.87,0.89,0.11
HARZBURGITE,38.85,0.66,38.87,0.89,0.11
HARZBURGITE,36.23,0.27,38.85,0.06,0.12
HARZBURGITE,38.41,0.59,38.86,0.56,0.1
HARZBURGITE,35.72,0.1,42.19,0.16,0.11
HARZBURGITE,43.46,0.6,45.64,0.75,0.12
HARZBURGITE,44.28,0.71,45.48,0.27,0.09
HARZBURGITE,45.31,0.47,43.74,0.06,0.06
HARZBURGITE,45.85,0.85,43.95,0.1,0.08
HARZBURGITE,61.86,0.43,30.61,0.34,0.06
LHERZOLITE,59.1,19.05,2.95,5.98,0.04
LHERZOLITE,58.8,16.87,3.26,6.42,0.06
LHERZOLITE,62.6,20.05,0.99,1.86,0.01
LHERZOLITE,39.55,0.32,42.14,1.95,0.18
LHERZOLITE,39.95,4.08,35.85,4.62,0.18
LHERZOLITE,44.94,3.05,38.81,2.97,0.15
LHERZOLITE,44.34,1.89,42.65,1.99,0.137
LHERZOLITE,44.26,1.42,44.43,1.24,0.13
LHERZOLITE,43.82,2.09,42.56,1.98,0.13
LHERZOLITE,44.42,2.04,42.24,1.98,0.135
LHERZOLITE,44.64,2.21,41.97,2.26,0.135
LHERZOLITE,43.93,2.5,42.01,2.26,0.13
LHERZOLITE,44.43,2.47,41.6,2.27,0.138
LHERZOLITE,45.22,2.98,40.39,2.57,0.14
LHERZOLITE,45.54,3.18,39.43,2.85,0.14
LHERZOLITE,45.63,3.53,38.7,3.07,0.142
LHERZOLITE,44.99,3.3,40.06,2.94,0.137
LHERZOLITE,45.08,3.23,40.18,2.82,0.141
LHERZOLITE,44.88,3.54,39.58,2.99,0.142
LHERZOLITE,45.67,3.34,38.96,3.11,0.138
LHERZOLITE,44.19,1.95,43.37,1.41,0.12
LHERZOLITE,44.61,1.9,43.12,1.41,0.129
LHERZOLITE,44.48,2.07,42.53,1.84,0.135
LHERZOLITE,44.64,1.95,42.91,1.76,0.132
LHERZOLITE,44.97,1.88,43.03,1.67,0.132
LHERZOLITE,45.49,3.19,39.31,2.74,0.137
LHERZOLITE,44.1,3.15,41.12,2.62,0.13
LHERZOLITE,44.73,3.16,41.11,2.64,0.14
LHERZOLITE,44.54,3.15,40.94,2.63,0.14
LHERZOLITE,44.63,3.14,40.74,2.77,0.141
LHERZOLITE,44.3,2.19,41.8,1.95,0.132
LHERZOLITE,44.02,2.19,42.56,2.3,0.13
LHERZOLITE,44.95,4.14,37.1,3.59,0.145
LHERZOLITE,44.82,3.8,38.77,3.91,0.14
LHERZOLITE,45.15,3.9,37.55,3.18,0.14
LHERZOLITE,44.41,3.48,39.1,3.34,0.14
LHERZOLITE,43.43,2.36,42.49,1.61,0.13
LHERZOLITE,43.65,2.14,42.45,1.47,0.131
LHERZOLITE,43.63,2.1,43.02,1.66,0.13
LHERZOLITE,43.82,3.54,38.8,2.84,0.13
LHERZOLITE,44.56,3.66,38.66,2.81,0.139
LHERZOLITE,46.23,0.45,33.15,0.75,0.11
LHERZOLITE,44.95,1.8,41.99,1.88,0.13
LHERZOLITE,43.95,3.53,39.01,3.04,0.13
LHERZOLITE,43.11,5.2,28.65,3.58,0.19
LHERZOLITE,47.89,11.24,15.8,7.78,0.15
LHERZOLITE,41.86,8.81,17.52,3.29,0.19
LHERZOLITE,43.47,6.33,18.38,5.14,0.19
LHERZOLITE,42.99,7.07,18.12,4.58,0.19
LHERZOLITE,38.95,3.28,32.67,2.13,0.2
LHERZOLITE,44.91,3.45,39.79,3.01,0.15
LHERZOLITE,42.99,1.28,46.11,0.82,0.14
LHERZOLITE,44.29,2.04,43.63,1.88,0.14
LHERZOLITE,44.13,3.09,41.11,2.8,0.15
LHERZOLITE,43.91,1.61,44.68,1.44,0.14
LHERZOLITE,44.89,2.89,41.17,2.43,0.15
LHERZOLITE,44.73,3.13,40.73,2.61,0.14
LHERZOLITE,38.63,6.71,23.86,5.78,0.17
LHERZOLITE,43.11,11.94,13.46,14.98,0.11
LHERZOLITE,44.27,1.27,44.6,1.29,0.138
LHERZOLITE,43.82,1.32,44.36,1.32,0.134
LHERZOLITE,44.51,2.01,42.47,2.05,0.138
LHERZOLITE,44.45,1.58,43.41,1.6,0.134
LHERZOLITE,44.5,1.97,43.04,1.38,0.131
LHERZOLITE,44.79,1.94,42.7,1.94,0.131
LHERZOLITE,44.25,2.07,42.47,2.19,0.137
LHERZOLITE,44.62,1.91,42.92,2.0,0.14
LHERZOLITE,44.49,3.62,38.5,3.68,0.13
LHERZOLITE,44.28,2.39,41.26,2.34,0.13
LHERZOLITE,44.51,3.38,39.46,3.31,0.14
LHERZOLITE,44.66,2.88,39.94,3.0,0.14
LHERZOLITE,44.73,2.98,41.24,2.92,0.14
LHERZOLITE,44.28,2.83,41.23,2.75,0.13
LHERZOLITE,43.89,1.11,45.65,1.41,0.13
LHERZOLITE,44.36,1.59,43.76,1.75,0.13
LHERZOLITE,44.34,1.88,43.0,1.63,0.13
LHERZOLITE,44.74,2.02,42.65,2.31,0.13
LHERZOLITE,46.26,5.49,33.08,5.63,0.14
LHERZOLITE,43.88,3.95,38.55,3.58,0.14
LHERZOLITE,44.64,3.4,39.18,3.42,0.14
LHERZOLITE,43.7,3.43,38.95,3.05,0.14
LHERZOLITE,44.44,3.3,39.9,2.96,0.14
LHERZOLITE,44.21,2.96,41.64,2.75,0.14
LHERZOLITE,44.87,3.6,39.2,3.36,0.14
LHERZOLITE,44.46,1.49,44.02,1.77,0.13
LHERZOLITE,44.67,1.06,44.52,1.15,0.13
LHERZOLITE,44.13,1.62,44.16,1.72,0.13
LHERZOLITE,43.49,1.4,44.36,1.59,0.13
LHERZOLITE,44.2,1.94,43.68,1.93,0.13
LHERZOLITE,44.53,2.11,41.97,2.35,0.14
LHERZOLITE,44.4,1.71,44.22,1.92,0.13
LHERZOLITE,44.81,1.52,44.69,1.36,0.13
LHERZOLITE,44.8,1.95,43.52,2.66,0.13
LHERZOLITE,44.71,1.79,43.39,2.03,0.13
LHERZOLITE,43.47,0.99,45.84,1.22,0.13
LHERZOLITE,43.17,1.72,44.23,1.79,0.13
LHERZOLITE,44.18,1.97,43.41,2.36,0.13
LHERZOLITE,44.64,2.88,40.91,2.97,0.13
LHERZOLITE,43.95,3.44,40.8,3.2,0.13
LHERZOLITE,45.26,3.9,38.42,3.77,0.13
LHERZOLITE,46.5,1.44,43.19,1.46,0.12
LHERZOLITE,44.91,3.7,39.27,4.11,0.14
LHERZOLITE,44.73,3.15,40.38,3.14,0.13
LHERZOLITE,44.91,3.63,39.79,3.46,0.14
LHERZOLITE,44.93,2.65,41.5,3.15,0.13
LHERZOLITE,44.54,2.98,41.17,2.78,0.13
LHERZOLITE,44.93,3.91,39.55,3.44,0.14
LHERZOLITE,44.08,2.74,42.77,2.38,0.13
LHERZOLITE,44.01,2.03,43.14,2.15,0.13
LHERZOLITE,44.39,2.01,43.14,2.06,0.13
LHERZOLITE,43.93,2.21,43.25,2.64,0.13
LHERZOLITE,42.74,17.1,27.1,4.0,0.16
LHERZOLITE,42.43,15.2,30.38,3.16,0.16
LHERZOLITE,41.84,16.95,25.75,6.12,0.1
LHERZOLITE,44.24,13.44,26.56,6.37,0.09
LHERZOLITE,43.37,15.23,25.93,5.52,0.12
LHERZOLITE,42.69,15.15,25.06,6.66,0.11
LHERZOLITE,44.28,14.98,26.21,5.38,0.18
LHERZOLITE,42.94,15.63,25.94,5.48,0.12
LHERZOLITE,41.84,16.45,25.73,5.43,0.14
LHERZOLITE,45.14,12.6,25.41,7.8,0.13
LHERZOLITE,45.04,11.31,28.24,5.7,0.1
LHERZOLITE,44.73,11.45,28.74,5.56,0.11
LHERZOLITE,42.5,3.95,38.25,4.16,0.16
LHERZOLITE,40.79,3.17,41.65,3.07,0.16
LHERZOLITE,41.53,2.83,40.5,3.04,0.15
LHERZOLITE,40.24,2.84,40.59,3.15,0.15
LHERZOLITE,42.81,3.25,40.46,3.36,0.15
LHERZOLITE,42.88,3.9,39.45,3.39,0.15
LHERZOLITE,41.16,2.78,41.9,2.96,0.15
LHERZOLITE,43.56,4.05,39.67,3.69,0.15
LHERZOLITE,41.24,2.46,42.97,2.73,0.15
LHERZOLITE,40.74,2.13,43.56,2.22,0.15
LHERZOLITE,43.15,2.83,41.73,3.03,0.14
LHERZOLITE,41.8,2.29,43.28,2.21,0.15
LHERZOLITE,42.48,2.38,42.65,2.77,0.15
LHERZOLITE,41.03,1.85,43.9,1.99,0.15
LHERZOLITE,41.26,2.02,43.6,2.14,0.14
LHERZOLITE,40.92,0.97,45.58,1.48,0.15
LHERZOLITE,41.61,1.84,44.6,2.18,0.15
LHERZOLITE,40.63,1.96,43.94,2.25,0.15
LHERZOLITE,40.91,0.83,46.74,0.93,0.14
LHERZOLITE,41.09,0.86,47.37,1.17,0.14
LHERZOLITE,41.42,3.19,40.34,3.07,0.16
LHERZOLITE,41.33,3.86,38.82,3.69,0.15
LHERZOLITE,42.51,3.19,38.58,3.11,0.15
LHERZOLITE,41.63,2.98,41.25,2.74,0.15
LHERZOLITE,43.99,2.88,38.48,3.86,0.15
LHERZOLITE,41.76,2.48,43.17,2.45,0.15
LHERZOLITE,41.99,2.94,41.58,2.81,0.15
LHERZOLITE,39.92,2.36,43.01,2.52,0.15
LHERZOLITE,39.49,0.61,48.21,0.74,0.14
LHERZOLITE,41.36,2.19,43.35,2.66,0.15
LHERZOLITE,41.95,1.89,44.43,1.94,0.15
LHERZOLITE,40.04,1.63,44.01,2.05,0.15
LHERZOLITE,40.86,1.61,44.84,2.04,0.15
LHERZOLITE,40.9,1.52,45.29,1.82,0.15
LHERZOLITE,40.72,1.54,44.99,1.93,0.15
LHERZOLITE,41.21,1.67,44.94,1.84,0.15
LHERZOLITE,40.82,0.65,47.59,1.09,0.14
LHERZOLITE,42.41,1.62,42.77,2.38,0.14
LHERZOLITE,40.7,0.59,47.11,0.87,0.15
LHERZOLITE,39.35,0.35,47.82,0.37,0.14
LHERZOLITE,41.96,0.75,47.38,0.93,0.14
LHERZOLITE,41.68,3.68,40.23,3.74,0.15
LHERZOLITE,40.26,2.86,42.29,2.85,0.15
LHERZOLITE,43.36,3.68,39.31,3.97,0.15
LHERZOLITE,43.87,4.31,37.8,3.39,0.13
LHERZOLITE,44.22,2.1,42.23,2.02,0.13
LHERZOLITE,42.27,0.76,46.34,0.54,0.13
LHERZOLITE,43.22,1.55,43.42,1.63,0.13
LHERZOLITE,44.96,3.57,39.49,3.19,0.13
LHERZOLITE,44.85,3.09,40.47,3.08,0.13
LHERZOLITE,44.37,0.86,45.54,0.93,0.12
LHERZOLITE,45.09,1.51,43.4,1.78,0.13
LHERZOLITE,44.85,2.46,41.99,2.25,0.13
LHERZOLITE,44.6,3.34,40.25,2.96,0.14
LHERZOLITE,43.95,0.86,45.97,0.94,0.12
LHERZOLITE,45.12,4.11,38.7,3.63,0.14
LHERZOLITE,44.53,2.78,40.58,2.12,0.13
LHERZOLITE,46.31,4.1,36.57,3.41,0.15
LHERZOLITE,41.93,16.31,25.91,6.21,0.09
LHERZOLITE,44.28,12.03,26.25,6.17,0.09
LHERZOLITE,44.2,11.52,24.33,7.41,0.09
LHERZOLITE,47.08,7.96,25.27,7.84,0.19
LHERZOLITE,43.5,2.5,38.0,2.1,0.13
LHERZOLITE,38.6,4.12,34.5,2.37,0.28
LHERZOLITE,39.8,0.87,41.0,0.84,0.12
LHERZOLITE,39.0,0.87,39.1,0.64,0.11
LHERZOLITE,39.9,0.83,41.5,0.91,0.12
LHERZOLITE,44.2,2.4,40.7,3.6,0.16
LHERZOLITE,43.5,4.61,25.7,6.88,0.23
LHERZOLITE,45.91,0.686,45.27,1.457,0.103
LHERZOLITE,44.4,1.256,45.07,0.557,0.089
LHERZOLITE,44.15,3.59,34.84,5.5,0.1
LHERZOLITE,44.15,3.59,34.84,5.5,0.1
LHERZOLITE,46.06,2.848,40.38,3.113,0.136
LHERZOLITE,38.73,1.81,35.87,1.34,0.16
LHERZOLITE,41.69,2.29,35.19,1.71,0.11
LHERZOLITE,42.14,4.0,32.15,1.49,0.17
LHERZOLITE,45.13,1.751,42.32,1.553,0.104
LHERZOLITE,44.46,1.26,41.63,0.122,0.099
LHERZOLITE,42.66,1.8,40.32,3.19,0.15
LHERZOLITE,45.07,4.01,36.84,3.26,0.15
LHERZOLITE,45.62,3.87,36.69,3.28,0.15
LHERZOLITE,44.02,3.7,39.19,3.06,0.14
LHERZOLITE,44.4,4.01,38.19,3.29,0.14
LHERZOLITE,48.09,7.02,25.49,10.53,0.11
LHERZOLITE,44.16,3.66,39.1,3.03,0.14
LHERZOLITE,39.65,2.78,35.08,2.53,0.29
LHERZOLITE,40.42,1.8,35.36,2.33,0.14
LHERZOLITE,40.34,1.62,35.19,2.88,0.11
LHERZOLITE,39.62,2.81,35.06,2.55,0.29
LHERZOLITE,39.6,2.87,35.19,3.26,0.14
LHERZOLITE,40.1,4.2,35.61,1.82,0.15
LHERZOLITE,40.9,2.48,36.34,4.42,0.14
LHERZOLITE,40.0,3.9,34.0,3.3,0.18
LHERZOLITE,40.22,3.52,33.75,0.44,0.39
LHERZOLITE,41.75,3.58,35.22,1.83,0.12
LHERZOLITE,40.0,5.27,32.95,3.5,0.12
LHERZOLITE,41.6,1.33,33.3,0.82,0.2
LHERZOLITE,43.77,3.19,40.61,1.94,0.13
LHERZOLITE,44.05,3.46,38.3,3.0,0.16
LHERZOLITE,45.09,2.68,37.97,2.8,0.15
LHERZOLITE,44.87,3.74,37.63,3.16,0.15
LHERZOLITE,44.82,4.25,36.3,3.86,0.15
LHERZOLITE,44.89,3.77,37.3,3.31,0.15
LHERZOLITE,45.01,4.12,37.3,3.21,0.15
LHERZOLITE,44.73,4.31,36.63,3.51,0.15
LHERZOLITE,46.2,3.82,35.8,3.02,0.16
LHERZOLITE,50.87,6.21,28.19,5.02,0.15
LHERZOLITE,44.78,4.21,36.97,3.35,0.15
LHERZOLITE,44.43,4.09,37.13,3.39,0.15
LHERZOLITE,45.1,4.22,37.3,3.04,0.15
LHERZOLITE,44.92,4.29,36.47,3.47,0.5
LHERZOLITE,45.36,1.68,40.61,1.08,0.17
LHERZOLITE,48.58,6.88,29.67,5.52,0.15
LHERZOLITE,44.25,3.56,37.13,3.4,0.16
LHERZOLITE,38.55,2.04,35.88,0.37,0.41
LHERZOLITE,42.36,3.36,36.48,2.24,0.1
LHERZOLITE,37.62,1.72,37.8,0.5,0.05
LHERZOLITE,43.87,3.14,40.45,4.3,0.07
LHERZOLITE,40.52,3.64,33.68,0.45,0.48
LHERZOLITE,49.6,16.53,7.33,10.92,0.17
WEHRLITE,43.2,1.87,45.1,0.04,0.14
WEHRLITE,43.4,2.9,41.5,0.36,0.15
WEHRLITE,42.8,2.06,40.8,1.17,0.16
WEHRLITE,44.6,5.28,30.3,6.77,0.15
WEHRLITE,44.9,3.91,38.9,1.11,0.14
WEHRLITE,44.6,2.1,40.4,0.37,0.15
WEHRLITE,42.5,1.88,38.4,5.94,0.18
WEHRLITE,40.41,3.41,31.87,3.85,0.18
WEHRLITE,38.76,3.89,30.07,4.12,0.18
WEHRLITE,43.37,3.56,23.52,8.0,0.19
WEHRLITE,39.92,1.54,36.48,3.36,0.25
WEHRLITE,40.89,1.62,34.0,3.24,0.26
WEHRLITE,40.63,1.93,33.21,4.23,0.24
WEHRLITE,42.5,1.58,33.44,4.12,0.27
WEHRLITE,42.89,1.22,31.74,5.03,0.35
WEHRLITE,41.95,1.37,32.57,6.87,0.15
WEHRLITE,42.5,1.37,32.47,7.46,0.14
WEHRLITE,44.17,2.19,31.02,8.71,0.16
WEHRLITE,44.52,2.45,29.72,9.42,0.17
WEHRLITE,43.25,6.52,27.6,6.5,0.23
WEHRLITE,44.85,3.63,28.61,9.17,0.19
WEHRLITE,42.12,6.26,27.49,6.1,0.17
WEHRLITE,39.96,4.73,30.92,5.5,0.17
WEHRLITE,40.57,5.59,29.66,5.47,0.16
WEHRLITE,38.39,3.05,30.78,2.84,0.22
WEHRLITE,38.13,6.53,36.25,2.53,0.12
WEHRLITE,43.77,6.17,26.79,6.15,0.19
WEHRLITE,44.93,6.55,23.27,9.59,0.19
WEHRLITE,43.34,5.62,27.76,6.72,0.2
WEHRLITE,44.15,5.25,24.41,8.88,0.21
WEHRLITE,38.42,3.68,27.06,3.08,0.16
WEHRLITE,40.0,10.37,20.24,6.86,0.18
WEHRLITE,39.53,8.97,20.81,6.71,0.21
WEHRLITE,39.03,4.17,30.79,2.66,0.18
WEHRLITE,43.03,6.9,29.63,7.21,0.19
WEHRLITE,34.44,3.41,30.44,4.84,0.193
WEHRLITE,38.92,3.82,32.77,1.07,0.115
WEHRLITE,40.69,3.39,34.2,0.63,0.121
WEHRLITE,43.17,5.39,26.45,5.67,0.172
WEHRLITE,46.5,4.39,21.6,10.8,0.164
WEHRLITE,40.74,2.1,32.15,3.44,0.154
WEHRLITE,41.92,2.17,28.91,7.07,0.162
WEHRLITE,41.56,2.84,27.77,7.22,0.219
WEHRLITE,45.37,2.76,25.54,11.42,0.179
WEHRLITE,40.6,3.94,28.8,4.55,0.194
WEHRLITE,42.7,3.68,26.66,6.09,0.209
WEHRLITE,42.56,3.95,26.21,6.74,0.199
WEHRLITE,42.63,3.41,26.6,5.89,0.214
WEHRLITE,40.28,4.28,32.26,1.73,0.133
WEHRLITE,36.72,3.12,32.3,0.81,0.118
WEHRLITE,36.66,1.52,30.35,1.52,0.271
WEHRLITE,40.0,3.1,32.6,2.52,0.168
WEHRLITE,32.33,3.11,31.83,3.88,0.171
WEHRLITE,35.3,1.68,34.9,0.08,0.167
WEHRLITE,38.95,2.28,34.29,1.18,0.085
WEHRLITE,40.77,2.72,29.47,4.64,0.191
WEHRLITE,37.59,1.23,36.69,0.53,0.154
WEHRLITE,40.83,2.93,28.25,5.22,0.2
WEHRLITE,40.56,3.45,32.24,0.99,0.118
WEHRLITE,42.06,4.06,31.52,2.14,0.154
WEHRLITE,44.45,3.22,29.52,3.57,0.167
WEHRLITE,39.83,3.72,32.49,2.93,0.168
WEHRLITE,43.29,6.05,26.31,4.92,0.178
WEHRLITE,41.03,1.79,31.8,4.3,0.166
WEHRLITE,42.32,1.97,26.49,8.31,0.162
WEHRLITE,39.47,1.55,34.0,0.52,0.195
WEHRLITE,46.7,4.16,23.6,9.23,0.189
WEHRLITE,47.7,3.98,17.9,14.7,0.215
WEHRLITE,38.54,1.93,35.06,0.23,0.108
WEHRLITE,40.75,3.59,33.13,0.46,0.129
WEHRLITE,43.45,1.51,31.25,2.9,0.179
WEHRLITE,41.39,3.69,27.46,4.42,0.185
WEHRLITE,38.23,2.59,32.24,2.2,0.227
WEHRLITE,38.88,2.45,32.52,1.12,0.189
WEHRLITE,43.27,4.65,29.03,4.22,0.139
WEHRLITE,40.43,3.67,32.18,1.6,0.206
WEHRLITE,41.53,4.91,29.4,5.23,0.165
WEHRLITE,46.2,4.24,23.9,9.53,0.153
WEHRLITE,48.9,5.16,17.0,11.9,0.196
WEHRLITE,47.3,5.28,17.9,10.4,0.205
WEHRLITE,41.52,4.3,29.38,3.06,0.2
WEHRLITE,41.06,4.57,30.3,3.02,0.172
WEHRLITE,39.15,3.18,33.02,0.98,0.115
WEHRLITE,47.55,5.52,15.38,16.48,0.24
WEHRLITE,47.01,8.39,24.22,12.39,0.14
WEHRLITE,46.9,7.85,25.08,11.91,0.14
WEHRLITE,44.53,6.81,30.59,7.51,0.17
WEHRLITE,42.82,7.34,32.76,7.3,0.15
WEHRLITE,42.96,6.55,32.55,6.12,0.16
WEHRLITE,43.22,4.61,34.18,3.35,0.2
WEHRLITE,41.48,2.67,37.7,2.62,0.21
WEHRLITE,42.11,3.8,33.38,3.07,0.24
WEHRLITE,40.84,4.38,28.84,4.59,0.21
WEHRLITE,41.59,1.89,34.99,6.94,0.18
WEHRLITE,40.69,2.21,33.99,6.97,0.18
WEHRLITE,39.61,3.01,30.72,6.98,0.17
WEHRLITE,40.76,2.07,31.55,8.12,0.17
WEHRLITE,40.33,2.73,33.94,5.02,0.18
WEHRLITE,40.08,2.43,34.45,5.4,0.18
WEHRLITE,43.66,3.39,24.07,12.5,0.18
WEHRLITE,36.81,2.97,30.05,2.02,0.19
WEHRLITE,36.81,2.97,30.05,2.02,0.19
WEHRLITE,36.81,2.97,30.05,2.02,0.19
WEHRLITE,36.74,2.69,28.86,2.8,0.23
WEHRLITE,48.12,5.38,14.4,19.82,0.15
WEHRLITE,45.74,3.55,23.78,13.62,0.158
WEHRLITE,44.1,1.32,31.49,9.65,0.3
WEHRLITE,38.0,0.63,38.3,1.7,0.18
WEHRLITE,38.2,1.05,38.2,1.84,0.18
WEHRLITE,39.8,0.41,40.8,2.82,0.17
WEHRLITE,40.4,3.65,29.6,3.76,0.25
WEHRLITE,46.0,2.6,28.4,11.5,0.14
WEHRLITE,43.4,4.27,24.8,6.85,0.26
WEHRLITE,48.1,3.9,23.8,15.1,0.13
WEHRLITE,39.4,2.2,38.0,4.5,0.18
WEHRLITE,47.3,6.6,17.8,17.2,0.18
WEHRLITE,45.3,9.6,21.0,9.4,0.17
WEHRLITE,43.6,0.82,45.5,0.69,0.12
WEHRLITE,41.4,1.6,34.1,6.9,0.15
WEHRLITE,40.0,2.1,33.5,7.0,0.16
WEHRLITE,42.0,3.3,34.0,8.4,0.13
WEHRLITE,37.0,1.9,34.9,4.8,0.13
WEHRLITE,46.5,18.3,10.2,15.9,0.13
WEHRLITE,39.6,0.72,45.9,0.59,0.18
WEHRLITE,38.5,1.08,42.7,1.32,0.19
WEHRLITE,39.9,3.68,28.8,7.25,0.15
WEHRLITE,43.2,4.38,25.7,11.4,0.16
WEHRLITE,36.2,3.59,34.8,2.7,0.18
WEHRLITE,42.0,3.13,26.5,9.72,0.15
WEHRLITE,43.4,17.7,9.89,18.1,0.08
WEHRLITE,42.8,5.18,27.3,8.1,0.22
WEHRLITE,39.2,0.61,38.9,4.17,0.15
WEHRLITE,39.0,0.88,41.5,1.17,0.15
WEHRLITE,37.9,0.21,37.4,0.19,0.15
WEHRLITE,39.0,0.62,37.5,4.52,0.15
WEHRLITE,43.0,11.8,17.6,14.0,0.13
WEHRLITE,37.0,8.26,24.3,6.36,0.25
WEHRLITE,37.0,0.92,39.8,1.39,0.17
WEHRLITE,47.4,17.6,10.0,14.9,0.16
WEHRLITE,46.1,2.3,27.8,13.1,0.15
WEHRLITE,40.8,1.56,36.6,3.44,0.16
WEHRLITE,43.0,0.8,33.6,7.98,0.2
WEHRLITE,40.5,0.35,39.0,2.6,0.22
WEHRLITE,42.7,0.48,36.3,6.54,0.2
WEHRLITE,51.7,1.13,21.5,19.8,0.11
WEHRLITE,42.1,0.39,39.8,4.72,0.17
WEHRLITE,40.8,2.78,27.9,5.3,0.19
WEHRLITE,41.6,4.92,28.2,5.8,0.2
WEHRLITE,44.4,2.83,27.6,9.74,0.19
WEHRLITE,37.3,0.41,38.5,2.81,0.19
WEHRLITE,39.0,0.16,41.7,2.34,0.2
WEHRLITE,41.82,3.15,33.48,8.5,0.16
WEHRLITE,38.06,2.21,30.78,3.51,0.05
